,buy_price,maintain_cost,door,persons,luggage_boot,safety,decision
0,4,4,2,2,1,2,0
1,4,4,2,2,1,3,0
2,4,4,2,2,2,1,0
3,4,4,2,2,2,2,0
4,4,4,2,2,2,3,0
5,4,4,2,2,3,1,0
6,4,4,2,2,3,2,0
7,4,4,2,2,3,3,0
8,4,4,2,4,1,1,0
9,4,4,2,4,1,2,0
10,4,4,2,4,1,3,0
11,4,4,2,4,2,1,0
12,4,4,2,4,2,2,0
13,4,4,2,4,2,3,0
14,4,4,2,4,3,1,0
15,4,4,2,4,3,2,0
16,4,4,2,4,3,3,0
17,4,4,2,6,1,1,0
18,4,4,2,6,1,2,0
19,4,4,2,6,1,3,0
20,4,4,2,6,2,1,0
21,4,4,2,6,2,2,0
22,4,4,2,6,2,3,0
23,4,4,2,6,3,1,0
24,4,4,2,6,3,2,0
25,4,4,2,6,3,3,0
26,4,4,3,2,1,1,0
27,4,4,3,2,1,2,0
28,4,4,3,2,1,3,0
29,4,4,3,2,2,1,0
30,4,4,3,2,2,2,0
31,4,4,3,2,2,3,0
32,4,4,3,2,3,1,0
33,4,4,3,2,3,2,0
34,4,4,3,2,3,3,0
35,4,4,3,4,1,1,0
36,4,4,3,4,1,2,0
37,4,4,3,4,1,3,0
38,4,4,3,4,2,1,0
39,4,4,3,4,2,2,0
40,4,4,3,4,2,3,0
41,4,4,3,4,3,1,0
42,4,4,3,4,3,2,0
43,4,4,3,4,3,3,0
44,4,4,3,6,1,1,0
45,4,4,3,6,1,2,0
46,4,4,3,6,1,3,0
47,4,4,3,6,2,1,0
48,4,4,3,6,2,2,0
49,4,4,3,6,2,3,0
50,4,4,3,6,3,1,0
51,4,4,3,6,3,2,0
52,4,4,3,6,3,3,0
53,4,4,4,2,1,1,0
54,4,4,4,2,1,2,0
55,4,4,4,2,1,3,0
56,4,4,4,2,2,1,0
57,4,4,4,2,2,2,0
58,4,4,4,2,2,3,0
59,4,4,4,2,3,1,0
60,4,4,4,2,3,2,0
61,4,4,4,2,3,3,0
62,4,4,4,4,1,1,0
63,4,4,4,4,1,2,0
64,4,4,4,4,1,3,0
65,4,4,4,4,2,1,0
66,4,4,4,4,2,2,0
67,4,4,4,4,2,3,0
68,4,4,4,4,3,1,0
69,4,4,4,4,3,2,0
70,4,4,4,4,3,3,0
71,4,4,4,6,1,1,0
72,4,4,4,6,1,2,0
73,4,4,4,6,1,3,0
74,4,4,4,6,2,1,0
75,4,4,4,6,2,2,0
76,4,4,4,6,2,3,0
77,4,4,4,6,3,1,0
78,4,4,4,6,3,2,0
79,4,4,4,6,3,3,0
80,4,4,6,2,1,1,0
81,4,4,6,2,1,2,0
82,4,4,6,2,1,3,0
83,4,4,6,2,2,1,0
84,4,4,6,2,2,2,0
85,4,4,6,2,2,3,0
86,4,4,6,2,3,1,0
87,4,4,6,2,3,2,0
88,4,4,6,2,3,3,0
89,4,4,6,4,1,1,0
90,4,4,6,4,1,2,0
91,4,4,6,4,1,3,0
92,4,4,6,4,2,1,0
93,4,4,6,4,2,2,0
94,4,4,6,4,2,3,0
95,4,4,6,4,3,1,0
96,4,4,6,4,3,2,0
97,4,4,6,4,3,3,0
98,4,4,6,6,1,1,0
99,4,4,6,6,1,2,0
100,4,4,6,6,1,3,0
101,4,4,6,6,2,1,0
102,4,4,6,6,2,2,0
103,4,4,6,6,2,3,0
104,4,4,6,6,3,1,0
105,4,4,6,6,3,2,0
106,4,4,6,6,3,3,0
107,4,3,2,2,1,1,0
108,4,3,2,2,1,2,0
109,4,3,2,2,1,3,0
110,4,3,2,2,2,1,0
111,4,3,2,2,2,2,0
112,4,3,2,2,2,3,0
113,4,3,2,2,3,1,0
114,4,3,2,2,3,2,0
115,4,3,2,2,3,3,0
116,4,3,2,4,1,1,0
117,4,3,2,4,1,2,0
118,4,3,2,4,1,3,0
119,4,3,2,4,2,1,0
120,4,3,2,4,2,2,0
121,4,3,2,4,2,3,0
122,4,3,2,4,3,1,0
123,4,3,2,4,3,2,0
124,4,3,2,4,3,3,0
125,4,3,2,6,1,1,0
126,4,3,2,6,1,2,0
127,4,3,2,6,1,3,0
128,4,3,2,6,2,1,0
129,4,3,2,6,2,2,0
130,4,3,2,6,2,3,0
131,4,3,2,6,3,1,0
132,4,3,2,6,3,2,0
133,4,3,2,6,3,3,0
134,4,3,3,2,1,1,0
135,4,3,3,2,1,2,0
136,4,3,3,2,1,3,0
137,4,3,3,2,2,1,0
138,4,3,3,2,2,2,0
139,4,3,3,2,2,3,0
140,4,3,3,2,3,1,0
141,4,3,3,2,3,2,0
142,4,3,3,2,3,3,0
143,4,3,3,4,1,1,0
144,4,3,3,4,1,2,0
145,4,3,3,4,1,3,0
146,4,3,3,4,2,1,0
147,4,3,3,4,2,2,0
148,4,3,3,4,2,3,0
149,4,3,3,4,3,1,0
150,4,3,3,4,3,2,0
151,4,3,3,4,3,3,0
152,4,3,3,6,1,1,0
153,4,3,3,6,1,2,0
154,4,3,3,6,1,3,0
155,4,3,3,6,2,1,0
156,4,3,3,6,2,2,0
157,4,3,3,6,2,3,0
158,4,3,3,6,3,1,0
159,4,3,3,6,3,2,0
160,4,3,3,6,3,3,0
161,4,3,4,2,1,1,0
162,4,3,4,2,1,2,0
163,4,3,4,2,1,3,0
164,4,3,4,2,2,1,0
165,4,3,4,2,2,2,0
166,4,3,4,2,2,3,0
167,4,3,4,2,3,1,0
168,4,3,4,2,3,2,0
169,4,3,4,2,3,3,0
170,4,3,4,4,1,1,0
171,4,3,4,4,1,2,0
172,4,3,4,4,1,3,0
173,4,3,4,4,2,1,0
174,4,3,4,4,2,2,0
175,4,3,4,4,2,3,0
176,4,3,4,4,3,1,0
177,4,3,4,4,3,2,0
178,4,3,4,4,3,3,0
179,4,3,4,6,1,1,0
180,4,3,4,6,1,2,0
181,4,3,4,6,1,3,0
182,4,3,4,6,2,1,0
183,4,3,4,6,2,2,0
184,4,3,4,6,2,3,0
185,4,3,4,6,3,1,0
186,4,3,4,6,3,2,0
187,4,3,4,6,3,3,0
188,4,3,6,2,1,1,0
189,4,3,6,2,1,2,0
190,4,3,6,2,1,3,0
191,4,3,6,2,2,1,0
192,4,3,6,2,2,2,0
193,4,3,6,2,2,3,0
194,4,3,6,2,3,1,0
195,4,3,6,2,3,2,0
196,4,3,6,2,3,3,0
197,4,3,6,4,1,1,0
198,4,3,6,4,1,2,0
199,4,3,6,4,1,3,0
200,4,3,6,4,2,1,0
201,4,3,6,4,2,2,0
202,4,3,6,4,2,3,0
203,4,3,6,4,3,1,0
204,4,3,6,4,3,2,0
205,4,3,6,4,3,3,0
206,4,3,6,6,1,1,0
207,4,3,6,6,1,2,0
208,4,3,6,6,1,3,0
209,4,3,6,6,2,1,0
210,4,3,6,6,2,2,0
211,4,3,6,6,2,3,0
212,4,3,6,6,3,1,0
213,4,3,6,6,3,2,0
214,4,3,6,6,3,3,0
215,4,2,2,2,1,1,0
216,4,2,2,2,1,2,0
217,4,2,2,2,1,3,0
218,4,2,2,2,2,1,0
219,4,2,2,2,2,2,0
220,4,2,2,2,2,3,0
221,4,2,2,2,3,1,0
222,4,2,2,2,3,2,0
223,4,2,2,2,3,3,0
224,4,2,2,4,1,1,0
225,4,2,2,4,1,2,0
226,4,2,2,4,1,3,1
227,4,2,2,4,2,1,0
228,4,2,2,4,2,2,0
229,4,2,2,4,2,3,1
230,4,2,2,4,3,1,0
231,4,2,2,4,3,2,1
232,4,2,2,4,3,3,1
233,4,2,2,6,1,1,0
234,4,2,2,6,1,2,0
235,4,2,2,6,1,3,0
236,4,2,2,6,2,1,0
237,4,2,2,6,2,2,0
238,4,2,2,6,2,3,1
239,4,2,2,6,3,1,0
240,4,2,2,6,3,2,1
241,4,2,2,6,3,3,1
242,4,2,3,2,1,1,0
243,4,2,3,2,1,2,0
244,4,2,3,2,1,3,0
245,4,2,3,2,2,1,0
246,4,2,3,2,2,2,0
247,4,2,3,2,2,3,0
248,4,2,3,2,3,1,0
249,4,2,3,2,3,2,0
250,4,2,3,2,3,3,0
251,4,2,3,4,1,1,0
252,4,2,3,4,1,2,0
253,4,2,3,4,1,3,1
254,4,2,3,4,2,1,0
255,4,2,3,4,2,2,0
256,4,2,3,4,2,3,1
257,4,2,3,4,3,1,0
258,4,2,3,4,3,2,1
259,4,2,3,4,3,3,1
260,4,2,3,6,1,1,0
261,4,2,3,6,1,2,0
262,4,2,3,6,1,3,1
263,4,2,3,6,2,1,0
264,4,2,3,6,2,2,1
265,4,2,3,6,2,3,1
266,4,2,3,6,3,1,0
267,4,2,3,6,3,2,1
268,4,2,3,6,3,3,1
269,4,2,4,2,1,1,0
270,4,2,4,2,1,2,0
271,4,2,4,2,1,3,0
272,4,2,4,2,2,1,0
273,4,2,4,2,2,2,0
274,4,2,4,2,2,3,0
275,4,2,4,2,3,1,0
276,4,2,4,2,3,2,0
277,4,2,4,2,3,3,0
278,4,2,4,4,1,1,0
279,4,2,4,4,1,2,0
280,4,2,4,4,1,3,1
281,4,2,4,4,2,1,0
282,4,2,4,4,2,2,1
283,4,2,4,4,2,3,1
284,4,2,4,4,3,1,0
285,4,2,4,4,3,2,1
286,4,2,4,4,3,3,1
287,4,2,4,6,1,1,0
288,4,2,4,6,1,2,0
289,4,2,4,6,1,3,1
290,4,2,4,6,2,1,0
291,4,2,4,6,2,2,1
292,4,2,4,6,2,3,1
293,4,2,4,6,3,1,0
294,4,2,4,6,3,2,1
295,4,2,4,6,3,3,1
296,4,2,6,2,1,1,0
297,4,2,6,2,1,2,0
298,4,2,6,2,1,3,0
299,4,2,6,2,2,1,0
300,4,2,6,2,2,2,0
301,4,2,6,2,2,3,0
302,4,2,6,2,3,1,0
303,4,2,6,2,3,2,0
304,4,2,6,2,3,3,0
305,4,2,6,4,1,1,0
306,4,2,6,4,1,2,0
307,4,2,6,4,1,3,1
308,4,2,6,4,2,1,0
309,4,2,6,4,2,2,1
310,4,2,6,4,2,3,1
311,4,2,6,4,3,1,0
312,4,2,6,4,3,2,1
313,4,2,6,4,3,3,1
314,4,2,6,6,1,1,0
315,4,2,6,6,1,2,0
316,4,2,6,6,1,3,1
317,4,2,6,6,2,1,0
318,4,2,6,6,2,2,1
319,4,2,6,6,2,3,1
320,4,2,6,6,3,1,0
321,4,2,6,6,3,2,1
322,4,2,6,6,3,3,1
323,4,1,2,2,1,1,0
324,4,1,2,2,1,2,0
325,4,1,2,2,1,3,0
326,4,1,2,2,2,1,0
327,4,1,2,2,2,2,0
328,4,1,2,2,2,3,0
329,4,1,2,2,3,1,0
330,4,1,2,2,3,2,0
331,4,1,2,2,3,3,0
332,4,1,2,4,1,1,0
333,4,1,2,4,1,2,0
334,4,1,2,4,1,3,1
335,4,1,2,4,2,1,0
336,4,1,2,4,2,2,0
337,4,1,2,4,2,3,1
338,4,1,2,4,3,1,0
339,4,1,2,4,3,2,1
340,4,1,2,4,3,3,1
341,4,1,2,6,1,1,0
342,4,1,2,6,1,2,0
343,4,1,2,6,1,3,0
344,4,1,2,6,2,1,0
345,4,1,2,6,2,2,0
346,4,1,2,6,2,3,1
347,4,1,2,6,3,1,0
348,4,1,2,6,3,2,1
349,4,1,2,6,3,3,1
350,4,1,3,2,1,1,0
351,4,1,3,2,1,2,0
352,4,1,3,2,1,3,0
353,4,1,3,2,2,1,0
354,4,1,3,2,2,2,0
355,4,1,3,2,2,3,0
356,4,1,3,2,3,1,0
357,4,1,3,2,3,2,0
358,4,1,3,2,3,3,0
359,4,1,3,4,1,1,0
360,4,1,3,4,1,2,0
361,4,1,3,4,1,3,1
362,4,1,3,4,2,1,0
363,4,1,3,4,2,2,0
364,4,1,3,4,2,3,1
365,4,1,3,4,3,1,0
366,4,1,3,4,3,2,1
367,4,1,3,4,3,3,1
368,4,1,3,6,1,1,0
369,4,1,3,6,1,2,0
370,4,1,3,6,1,3,1
371,4,1,3,6,2,1,0
372,4,1,3,6,2,2,1
373,4,1,3,6,2,3,1
374,4,1,3,6,3,1,0
375,4,1,3,6,3,2,1
376,4,1,3,6,3,3,1
377,4,1,4,2,1,1,0
378,4,1,4,2,1,2,0
379,4,1,4,2,1,3,0
380,4,1,4,2,2,1,0
381,4,1,4,2,2,2,0
382,4,1,4,2,2,3,0
383,4,1,4,2,3,1,0
384,4,1,4,2,3,2,0
385,4,1,4,2,3,3,0
386,4,1,4,4,1,1,0
387,4,1,4,4,1,2,0
388,4,1,4,4,1,3,1
389,4,1,4,4,2,1,0
390,4,1,4,4,2,2,1
391,4,1,4,4,2,3,1
392,4,1,4,4,3,1,0
393,4,1,4,4,3,2,1
394,4,1,4,4,3,3,1
395,4,1,4,6,1,1,0
396,4,1,4,6,1,2,0
397,4,1,4,6,1,3,1
398,4,1,4,6,2,1,0
399,4,1,4,6,2,2,1
400,4,1,4,6,2,3,1
401,4,1,4,6,3,1,0
402,4,1,4,6,3,2,1
403,4,1,4,6,3,3,1
404,4,1,6,2,1,1,0
405,4,1,6,2,1,2,0
406,4,1,6,2,1,3,0
407,4,1,6,2,2,1,0
408,4,1,6,2,2,2,0
409,4,1,6,2,2,3,0
410,4,1,6,2,3,1,0
411,4,1,6,2,3,2,0
412,4,1,6,2,3,3,0
413,4,1,6,4,1,1,0
414,4,1,6,4,1,2,0
415,4,1,6,4,1,3,1
416,4,1,6,4,2,1,0
417,4,1,6,4,2,2,1
418,4,1,6,4,2,3,1
419,4,1,6,4,3,1,0
420,4,1,6,4,3,2,1
421,4,1,6,4,3,3,1
422,4,1,6,6,1,1,0
423,4,1,6,6,1,2,0
424,4,1,6,6,1,3,1
425,4,1,6,6,2,1,0
426,4,1,6,6,2,2,1
427,4,1,6,6,2,3,1
428,4,1,6,6,3,1,0
429,4,1,6,6,3,2,1
430,4,1,6,6,3,3,1
431,3,4,2,2,1,1,0
432,3,4,2,2,1,2,0
433,3,4,2,2,1,3,0
434,3,4,2,2,2,1,0
435,3,4,2,2,2,2,0
436,3,4,2,2,2,3,0
437,3,4,2,2,3,1,0
438,3,4,2,2,3,2,0
439,3,4,2,2,3,3,0
440,3,4,2,4,1,1,0
441,3,4,2,4,1,2,0
442,3,4,2,4,1,3,0
443,3,4,2,4,2,1,0
444,3,4,2,4,2,2,0
445,3,4,2,4,2,3,0
446,3,4,2,4,3,1,0
447,3,4,2,4,3,2,0
448,3,4,2,4,3,3,0
449,3,4,2,6,1,1,0
450,3,4,2,6,1,2,0
451,3,4,2,6,1,3,0
452,3,4,2,6,2,1,0
453,3,4,2,6,2,2,0
454,3,4,2,6,2,3,0
455,3,4,2,6,3,1,0
456,3,4,2,6,3,2,0
457,3,4,2,6,3,3,0
458,3,4,3,2,1,1,0
459,3,4,3,2,1,2,0
460,3,4,3,2,1,3,0
461,3,4,3,2,2,1,0
462,3,4,3,2,2,2,0
463,3,4,3,2,2,3,0
464,3,4,3,2,3,1,0
465,3,4,3,2,3,2,0
466,3,4,3,2,3,3,0
467,3,4,3,4,1,1,0
468,3,4,3,4,1,2,0
469,3,4,3,4,1,3,0
470,3,4,3,4,2,1,0
471,3,4,3,4,2,2,0
472,3,4,3,4,2,3,0
473,3,4,3,4,3,1,0
474,3,4,3,4,3,2,0
475,3,4,3,4,3,3,0
476,3,4,3,6,1,1,0
477,3,4,3,6,1,2,0
478,3,4,3,6,1,3,0
479,3,4,3,6,2,1,0
480,3,4,3,6,2,2,0
481,3,4,3,6,2,3,0
482,3,4,3,6,3,1,0
483,3,4,3,6,3,2,0
484,3,4,3,6,3,3,0
485,3,4,4,2,1,1,0
486,3,4,4,2,1,2,0
487,3,4,4,2,1,3,0
488,3,4,4,2,2,1,0
489,3,4,4,2,2,2,0
490,3,4,4,2,2,3,0
491,3,4,4,2,3,1,0
492,3,4,4,2,3,2,0
493,3,4,4,2,3,3,0
494,3,4,4,4,1,1,0
495,3,4,4,4,1,2,0
496,3,4,4,4,1,3,0
497,3,4,4,4,2,1,0
498,3,4,4,4,2,2,0
499,3,4,4,4,2,3,0
500,3,4,4,4,3,1,0
501,3,4,4,4,3,2,0
502,3,4,4,4,3,3,0
503,3,4,4,6,1,1,0
504,3,4,4,6,1,2,0
505,3,4,4,6,1,3,0
506,3,4,4,6,2,1,0
507,3,4,4,6,2,2,0
508,3,4,4,6,2,3,0
509,3,4,4,6,3,1,0
510,3,4,4,6,3,2,0
511,3,4,4,6,3,3,0
512,3,4,6,2,1,1,0
513,3,4,6,2,1,2,0
514,3,4,6,2,1,3,0
515,3,4,6,2,2,1,0
516,3,4,6,2,2,2,0
517,3,4,6,2,2,3,0
518,3,4,6,2,3,1,0
519,3,4,6,2,3,2,0
520,3,4,6,2,3,3,0
521,3,4,6,4,1,1,0
522,3,4,6,4,1,2,0
523,3,4,6,4,1,3,0
524,3,4,6,4,2,1,0
525,3,4,6,4,2,2,0
526,3,4,6,4,2,3,0
527,3,4,6,4,3,1,0
528,3,4,6,4,3,2,0
529,3,4,6,4,3,3,0
530,3,4,6,6,1,1,0
531,3,4,6,6,1,2,0
532,3,4,6,6,1,3,0
533,3,4,6,6,2,1,0
534,3,4,6,6,2,2,0
535,3,4,6,6,2,3,0
536,3,4,6,6,3,1,0
537,3,4,6,6,3,2,0
538,3,4,6,6,3,3,0
539,3,3,2,2,1,1,0
540,3,3,2,2,1,2,0
541,3,3,2,2,1,3,0
542,3,3,2,2,2,1,0
543,3,3,2,2,2,2,0
544,3,3,2,2,2,3,0
545,3,3,2,2,3,1,0
546,3,3,2,2,3,2,0
547,3,3,2,2,3,3,0
548,3,3,2,4,1,1,0
549,3,3,2,4,1,2,0
550,3,3,2,4,1,3,1
551,3,3,2,4,2,1,0
552,3,3,2,4,2,2,0
553,3,3,2,4,2,3,1
554,3,3,2,4,3,1,0
555,3,3,2,4,3,2,1
556,3,3,2,4,3,3,1
557,3,3,2,6,1,1,0
558,3,3,2,6,1,2,0
559,3,3,2,6,1,3,0
560,3,3,2,6,2,1,0
561,3,3,2,6,2,2,0
562,3,3,2,6,2,3,1
563,3,3,2,6,3,1,0
564,3,3,2,6,3,2,1
565,3,3,2,6,3,3,1
566,3,3,3,2,1,1,0
567,3,3,3,2,1,2,0
568,3,3,3,2,1,3,0
569,3,3,3,2,2,1,0
570,3,3,3,2,2,2,0
571,3,3,3,2,2,3,0
572,3,3,3,2,3,1,0
573,3,3,3,2,3,2,0
574,3,3,3,2,3,3,0
575,3,3,3,4,1,1,0
576,3,3,3,4,1,2,0
577,3,3,3,4,1,3,1
578,3,3,3,4,2,1,0
579,3,3,3,4,2,2,0
580,3,3,3,4,2,3,1
581,3,3,3,4,3,1,0
582,3,3,3,4,3,2,1
583,3,3,3,4,3,3,1
584,3,3,3,6,1,1,0
585,3,3,3,6,1,2,0
586,3,3,3,6,1,3,1
587,3,3,3,6,2,1,0
588,3,3,3,6,2,2,1
589,3,3,3,6,2,3,1
590,3,3,3,6,3,1,0
591,3,3,3,6,3,2,1
592,3,3,3,6,3,3,1
593,3,3,4,2,1,1,0
594,3,3,4,2,1,2,0
595,3,3,4,2,1,3,0
596,3,3,4,2,2,1,0
597,3,3,4,2,2,2,0
598,3,3,4,2,2,3,0
599,3,3,4,2,3,1,0
600,3,3,4,2,3,2,0
601,3,3,4,2,3,3,0
602,3,3,4,4,1,1,0
603,3,3,4,4,1,2,0
604,3,3,4,4,1,3,1
605,3,3,4,4,2,1,0
606,3,3,4,4,2,2,1
607,3,3,4,4,2,3,1
608,3,3,4,4,3,1,0
609,3,3,4,4,3,2,1
610,3,3,4,4,3,3,1
611,3,3,4,6,1,1,0
612,3,3,4,6,1,2,0
613,3,3,4,6,1,3,1
614,3,3,4,6,2,1,0
615,3,3,4,6,2,2,1
616,3,3,4,6,2,3,1
617,3,3,4,6,3,1,0
618,3,3,4,6,3,2,1
619,3,3,4,6,3,3,1
620,3,3,6,2,1,1,0
621,3,3,6,2,1,2,0
622,3,3,6,2,1,3,0
623,3,3,6,2,2,1,0
624,3,3,6,2,2,2,0
625,3,3,6,2,2,3,0
626,3,3,6,2,3,1,0
627,3,3,6,2,3,2,0
628,3,3,6,2,3,3,0
629,3,3,6,4,1,1,0
630,3,3,6,4,1,2,0
631,3,3,6,4,1,3,1
632,3,3,6,4,2,1,0
633,3,3,6,4,2,2,1
634,3,3,6,4,2,3,1
635,3,3,6,4,3,1,0
636,3,3,6,4,3,2,1
637,3,3,6,4,3,3,1
638,3,3,6,6,1,1,0
639,3,3,6,6,1,2,0
640,3,3,6,6,1,3,1
641,3,3,6,6,2,1,0
642,3,3,6,6,2,2,1
643,3,3,6,6,2,3,1
644,3,3,6,6,3,1,0
645,3,3,6,6,3,2,1
646,3,3,6,6,3,3,1
647,3,2,2,2,1,1,0
648,3,2,2,2,1,2,0
649,3,2,2,2,1,3,0
650,3,2,2,2,2,1,0
651,3,2,2,2,2,2,0
652,3,2,2,2,2,3,0
653,3,2,2,2,3,1,0
654,3,2,2,2,3,2,0
655,3,2,2,2,3,3,0
656,3,2,2,4,1,1,0
657,3,2,2,4,1,2,0
658,3,2,2,4,1,3,1
659,3,2,2,4,2,1,0
660,3,2,2,4,2,2,0
661,3,2,2,4,2,3,1
662,3,2,2,4,3,1,0
663,3,2,2,4,3,2,1
664,3,2,2,4,3,3,1
665,3,2,2,6,1,1,0
666,3,2,2,6,1,2,0
667,3,2,2,6,1,3,0
668,3,2,2,6,2,1,0
669,3,2,2,6,2,2,0
670,3,2,2,6,2,3,1
671,3,2,2,6,3,1,0
672,3,2,2,6,3,2,1
673,3,2,2,6,3,3,1
674,3,2,3,2,1,1,0
675,3,2,3,2,1,2,0
676,3,2,3,2,1,3,0
677,3,2,3,2,2,1,0
678,3,2,3,2,2,2,0
679,3,2,3,2,2,3,0
680,3,2,3,2,3,1,0
681,3,2,3,2,3,2,0
682,3,2,3,2,3,3,0
683,3,2,3,4,1,1,0
684,3,2,3,4,1,2,0
685,3,2,3,4,1,3,1
686,3,2,3,4,2,1,0
687,3,2,3,4,2,2,0
688,3,2,3,4,2,3,1
689,3,2,3,4,3,1,0
690,3,2,3,4,3,2,1
691,3,2,3,4,3,3,1
692,3,2,3,6,1,1,0
693,3,2,3,6,1,2,0
694,3,2,3,6,1,3,1
695,3,2,3,6,2,1,0
696,3,2,3,6,2,2,1
697,3,2,3,6,2,3,1
698,3,2,3,6,3,1,0
699,3,2,3,6,3,2,1
700,3,2,3,6,3,3,1
701,3,2,4,2,1,1,0
702,3,2,4,2,1,2,0
703,3,2,4,2,1,3,0
704,3,2,4,2,2,1,0
705,3,2,4,2,2,2,0
706,3,2,4,2,2,3,0
707,3,2,4,2,3,1,0
708,3,2,4,2,3,2,0
709,3,2,4,2,3,3,0
710,3,2,4,4,1,1,0
711,3,2,4,4,1,2,0
712,3,2,4,4,1,3,1
713,3,2,4,4,2,1,0
714,3,2,4,4,2,2,1
715,3,2,4,4,2,3,1
716,3,2,4,4,3,1,0
717,3,2,4,4,3,2,1
718,3,2,4,4,3,3,1
719,3,2,4,6,1,1,0
720,3,2,4,6,1,2,0
721,3,2,4,6,1,3,1
722,3,2,4,6,2,1,0
723,3,2,4,6,2,2,1
724,3,2,4,6,2,3,1
725,3,2,4,6,3,1,0
726,3,2,4,6,3,2,1
727,3,2,4,6,3,3,1
728,3,2,6,2,1,1,0
729,3,2,6,2,1,2,0
730,3,2,6,2,1,3,0
731,3,2,6,2,2,1,0
732,3,2,6,2,2,2,0
733,3,2,6,2,2,3,0
734,3,2,6,2,3,1,0
735,3,2,6,2,3,2,0
736,3,2,6,2,3,3,0
737,3,2,6,4,1,1,0
738,3,2,6,4,1,2,0
739,3,2,6,4,1,3,1
740,3,2,6,4,2,1,0
741,3,2,6,4,2,2,1
742,3,2,6,4,2,3,1
743,3,2,6,4,3,1,0
744,3,2,6,4,3,2,1
745,3,2,6,4,3,3,1
746,3,2,6,6,1,1,0
747,3,2,6,6,1,2,0
748,3,2,6,6,1,3,1
749,3,2,6,6,2,1,0
750,3,2,6,6,2,2,1
751,3,2,6,6,2,3,1
752,3,2,6,6,3,1,0
753,3,2,6,6,3,2,1
754,3,2,6,6,3,3,1
755,3,1,2,2,1,1,0
756,3,1,2,2,1,2,0
757,3,1,2,2,1,3,0
758,3,1,2,2,2,1,0
759,3,1,2,2,2,2,0
760,3,1,2,2,2,3,0
761,3,1,2,2,3,1,0
762,3,1,2,2,3,2,0
763,3,1,2,2,3,3,0
764,3,1,2,4,1,1,0
765,3,1,2,4,1,2,0
766,3,1,2,4,1,3,1
767,3,1,2,4,2,1,0
768,3,1,2,4,2,2,0
769,3,1,2,4,2,3,1
770,3,1,2,4,3,1,0
771,3,1,2,4,3,2,1
772,3,1,2,4,3,3,1
773,3,1,2,6,1,1,0
774,3,1,2,6,1,2,0
775,3,1,2,6,1,3,0
776,3,1,2,6,2,1,0
777,3,1,2,6,2,2,0
778,3,1,2,6,2,3,1
779,3,1,2,6,3,1,0
780,3,1,2,6,3,2,1
781,3,1,2,6,3,3,1
782,3,1,3,2,1,1,0
783,3,1,3,2,1,2,0
784,3,1,3,2,1,3,0
785,3,1,3,2,2,1,0
786,3,1,3,2,2,2,0
787,3,1,3,2,2,3,0
788,3,1,3,2,3,1,0
789,3,1,3,2,3,2,0
790,3,1,3,2,3,3,0
791,3,1,3,4,1,1,0
792,3,1,3,4,1,2,0
793,3,1,3,4,1,3,1
794,3,1,3,4,2,1,0
795,3,1,3,4,2,2,0
796,3,1,3,4,2,3,1
797,3,1,3,4,3,1,0
798,3,1,3,4,3,2,1
799,3,1,3,4,3,3,1
800,3,1,3,6,1,1,0
801,3,1,3,6,1,2,0
802,3,1,3,6,1,3,1
803,3,1,3,6,2,1,0
804,3,1,3,6,2,2,1
805,3,1,3,6,2,3,1
806,3,1,3,6,3,1,0
807,3,1,3,6,3,2,1
808,3,1,3,6,3,3,1
809,3,1,4,2,1,1,0
810,3,1,4,2,1,2,0
811,3,1,4,2,1,3,0
812,3,1,4,2,2,1,0
813,3,1,4,2,2,2,0
814,3,1,4,2,2,3,0
815,3,1,4,2,3,1,0
816,3,1,4,2,3,2,0
817,3,1,4,2,3,3,0
818,3,1,4,4,1,1,0
819,3,1,4,4,1,2,0
820,3,1,4,4,1,3,1
821,3,1,4,4,2,1,0
822,3,1,4,4,2,2,1
823,3,1,4,4,2,3,1
824,3,1,4,4,3,1,0
825,3,1,4,4,3,2,1
826,3,1,4,4,3,3,1
827,3,1,4,6,1,1,0
828,3,1,4,6,1,2,0
829,3,1,4,6,1,3,1
830,3,1,4,6,2,1,0
831,3,1,4,6,2,2,1
832,3,1,4,6,2,3,1
833,3,1,4,6,3,1,0
834,3,1,4,6,3,2,1
835,3,1,4,6,3,3,1
836,3,1,6,2,1,1,0
837,3,1,6,2,1,2,0
838,3,1,6,2,1,3,0
839,3,1,6,2,2,1,0
840,3,1,6,2,2,2,0
841,3,1,6,2,2,3,0
842,3,1,6,2,3,1,0
843,3,1,6,2,3,2,0
844,3,1,6,2,3,3,0
845,3,1,6,4,1,1,0
846,3,1,6,4,1,2,0
847,3,1,6,4,1,3,1
848,3,1,6,4,2,1,0
849,3,1,6,4,2,2,1
850,3,1,6,4,2,3,1
851,3,1,6,4,3,1,0
852,3,1,6,4,3,2,1
853,3,1,6,4,3,3,1
854,3,1,6,6,1,1,0
855,3,1,6,6,1,2,0
856,3,1,6,6,1,3,1
857,3,1,6,6,2,1,0
858,3,1,6,6,2,2,1
859,3,1,6,6,2,3,1
860,3,1,6,6,3,1,0
861,3,1,6,6,3,2,1
862,3,1,6,6,3,3,1
863,2,4,2,2,1,1,0
864,2,4,2,2,1,2,0
865,2,4,2,2,1,3,0
866,2,4,2,2,2,1,0
867,2,4,2,2,2,2,0
868,2,4,2,2,2,3,0
869,2,4,2,2,3,1,0
870,2,4,2,2,3,2,0
871,2,4,2,2,3,3,0
872,2,4,2,4,1,1,0
873,2,4,2,4,1,2,0
874,2,4,2,4,1,3,1
875,2,4,2,4,2,1,0
876,2,4,2,4,2,2,0
877,2,4,2,4,2,3,1
878,2,4,2,4,3,1,0
879,2,4,2,4,3,2,1
880,2,4,2,4,3,3,1
881,2,4,2,6,1,1,0
882,2,4,2,6,1,2,0
883,2,4,2,6,1,3,0
884,2,4,2,6,2,1,0
885,2,4,2,6,2,2,0
886,2,4,2,6,2,3,1
887,2,4,2,6,3,1,0
888,2,4,2,6,3,2,1
889,2,4,2,6,3,3,1
890,2,4,3,2,1,1,0
891,2,4,3,2,1,2,0
892,2,4,3,2,1,3,0
893,2,4,3,2,2,1,0
894,2,4,3,2,2,2,0
895,2,4,3,2,2,3,0
896,2,4,3,2,3,1,0
897,2,4,3,2,3,2,0
898,2,4,3,2,3,3,0
899,2,4,3,4,1,1,0
900,2,4,3,4,1,2,0
901,2,4,3,4,1,3,1
902,2,4,3,4,2,1,0
903,2,4,3,4,2,2,0
904,2,4,3,4,2,3,1
905,2,4,3,4,3,1,0
906,2,4,3,4,3,2,1
907,2,4,3,4,3,3,1
908,2,4,3,6,1,1,0
909,2,4,3,6,1,2,0
910,2,4,3,6,1,3,1
911,2,4,3,6,2,1,0
912,2,4,3,6,2,2,1
913,2,4,3,6,2,3,1
914,2,4,3,6,3,1,0
915,2,4,3,6,3,2,1
916,2,4,3,6,3,3,1
917,2,4,4,2,1,1,0
918,2,4,4,2,1,2,0
919,2,4,4,2,1,3,0
920,2,4,4,2,2,1,0
921,2,4,4,2,2,2,0
922,2,4,4,2,2,3,0
923,2,4,4,2,3,1,0
924,2,4,4,2,3,2,0
925,2,4,4,2,3,3,0
926,2,4,4,4,1,1,0
927,2,4,4,4,1,2,0
928,2,4,4,4,1,3,1
929,2,4,4,4,2,1,0
930,2,4,4,4,2,2,1
931,2,4,4,4,2,3,1
932,2,4,4,4,3,1,0
933,2,4,4,4,3,2,1
934,2,4,4,4,3,3,1
935,2,4,4,6,1,1,0
936,2,4,4,6,1,2,0
937,2,4,4,6,1,3,1
938,2,4,4,6,2,1,0
939,2,4,4,6,2,2,1
940,2,4,4,6,2,3,1
941,2,4,4,6,3,1,0
942,2,4,4,6,3,2,1
943,2,4,4,6,3,3,1
944,2,4,6,2,1,1,0
945,2,4,6,2,1,2,0
946,2,4,6,2,1,3,0
947,2,4,6,2,2,1,0
948,2,4,6,2,2,2,0
949,2,4,6,2,2,3,0
950,2,4,6,2,3,1,0
951,2,4,6,2,3,2,0
952,2,4,6,2,3,3,0
953,2,4,6,4,1,1,0
954,2,4,6,4,1,2,0
955,2,4,6,4,1,3,1
956,2,4,6,4,2,1,0
957,2,4,6,4,2,2,1
958,2,4,6,4,2,3,1
959,2,4,6,4,3,1,0
960,2,4,6,4,3,2,1
961,2,4,6,4,3,3,1
962,2,4,6,6,1,1,0
963,2,4,6,6,1,2,0
964,2,4,6,6,1,3,1
965,2,4,6,6,2,1,0
966,2,4,6,6,2,2,1
967,2,4,6,6,2,3,1
968,2,4,6,6,3,1,0
969,2,4,6,6,3,2,1
970,2,4,6,6,3,3,1
971,2,3,2,2,1,1,0
972,2,3,2,2,1,2,0
973,2,3,2,2,1,3,0
974,2,3,2,2,2,1,0
975,2,3,2,2,2,2,0
976,2,3,2,2,2,3,0
977,2,3,2,2,3,1,0
978,2,3,2,2,3,2,0
979,2,3,2,2,3,3,0
980,2,3,2,4,1,1,0
981,2,3,2,4,1,2,0
982,2,3,2,4,1,3,1
983,2,3,2,4,2,1,0
984,2,3,2,4,2,2,0
985,2,3,2,4,2,3,1
986,2,3,2,4,3,1,0
987,2,3,2,4,3,2,1
988,2,3,2,4,3,3,1
989,2,3,2,6,1,1,0
990,2,3,2,6,1,2,0
991,2,3,2,6,1,3,0
992,2,3,2,6,2,1,0
993,2,3,2,6,2,2,0
994,2,3,2,6,2,3,1
995,2,3,2,6,3,1,0
996,2,3,2,6,3,2,1
997,2,3,2,6,3,3,1
998,2,3,3,2,1,1,0
999,2,3,3,2,1,2,0
1000,2,3,3,2,1,3,0
1001,2,3,3,2,2,1,0
1002,2,3,3,2,2,2,0
1003,2,3,3,2,2,3,0
1004,2,3,3,2,3,1,0
1005,2,3,3,2,3,2,0
1006,2,3,3,2,3,3,0
1007,2,3,3,4,1,1,0
1008,2,3,3,4,1,2,0
1009,2,3,3,4,1,3,1
1010,2,3,3,4,2,1,0
1011,2,3,3,4,2,2,0
1012,2,3,3,4,2,3,1
1013,2,3,3,4,3,1,0
1014,2,3,3,4,3,2,1
1015,2,3,3,4,3,3,1
1016,2,3,3,6,1,1,0
1017,2,3,3,6,1,2,0
1018,2,3,3,6,1,3,1
1019,2,3,3,6,2,1,0
1020,2,3,3,6,2,2,1
1021,2,3,3,6,2,3,1
1022,2,3,3,6,3,1,0
1023,2,3,3,6,3,2,1
1024,2,3,3,6,3,3,1
1025,2,3,4,2,1,1,0
1026,2,3,4,2,1,2,0
1027,2,3,4,2,1,3,0
1028,2,3,4,2,2,1,0
1029,2,3,4,2,2,2,0
1030,2,3,4,2,2,3,0
1031,2,3,4,2,3,1,0
1032,2,3,4,2,3,2,0
1033,2,3,4,2,3,3,0
1034,2,3,4,4,1,1,0
1035,2,3,4,4,1,2,0
1036,2,3,4,4,1,3,1
1037,2,3,4,4,2,1,0
1038,2,3,4,4,2,2,1
1039,2,3,4,4,2,3,1
1040,2,3,4,4,3,1,0
1041,2,3,4,4,3,2,1
1042,2,3,4,4,3,3,1
1043,2,3,4,6,1,1,0
1044,2,3,4,6,1,2,0
1045,2,3,4,6,1,3,1
1046,2,3,4,6,2,1,0
1047,2,3,4,6,2,2,1
1048,2,3,4,6,2,3,1
1049,2,3,4,6,3,1,0
1050,2,3,4,6,3,2,1
1051,2,3,4,6,3,3,1
1052,2,3,6,2,1,1,0
1053,2,3,6,2,1,2,0
1054,2,3,6,2,1,3,0
1055,2,3,6,2,2,1,0
1056,2,3,6,2,2,2,0
1057,2,3,6,2,2,3,0
1058,2,3,6,2,3,1,0
1059,2,3,6,2,3,2,0
1060,2,3,6,2,3,3,0
1061,2,3,6,4,1,1,0
1062,2,3,6,4,1,2,0
1063,2,3,6,4,1,3,1
1064,2,3,6,4,2,1,0
1065,2,3,6,4,2,2,1
1066,2,3,6,4,2,3,1
1067,2,3,6,4,3,1,0
1068,2,3,6,4,3,2,1
1069,2,3,6,4,3,3,1
1070,2,3,6,6,1,1,0
1071,2,3,6,6,1,2,0
1072,2,3,6,6,1,3,1
1073,2,3,6,6,2,1,0
1074,2,3,6,6,2,2,1
1075,2,3,6,6,2,3,1
1076,2,3,6,6,3,1,0
1077,2,3,6,6,3,2,1
1078,2,3,6,6,3,3,1
1079,2,2,2,2,1,1,0
1080,2,2,2,2,1,2,0
1081,2,2,2,2,1,3,0
1082,2,2,2,2,2,1,0
1083,2,2,2,2,2,2,0
1084,2,2,2,2,2,3,0
1085,2,2,2,2,3,1,0
1086,2,2,2,2,3,2,0
1087,2,2,2,2,3,3,0
1088,2,2,2,4,1,1,0
1089,2,2,2,4,1,2,1
1090,2,2,2,4,1,3,1
1091,2,2,2,4,2,1,0
1092,2,2,2,4,2,2,1
1093,2,2,2,4,2,3,1
1094,2,2,2,4,3,1,0
1095,2,2,2,4,3,2,1
1096,2,2,2,4,3,3,3
1097,2,2,2,6,1,1,0
1098,2,2,2,6,1,2,0
1099,2,2,2,6,1,3,0
1100,2,2,2,6,2,1,0
1101,2,2,2,6,2,2,1
1102,2,2,2,6,2,3,1
1103,2,2,2,6,3,1,0
1104,2,2,2,6,3,2,1
1105,2,2,2,6,3,3,3
1106,2,2,3,2,1,1,0
1107,2,2,3,2,1,2,0
1108,2,2,3,2,1,3,0
1109,2,2,3,2,2,1,0
1110,2,2,3,2,2,2,0
1111,2,2,3,2,2,3,0
1112,2,2,3,2,3,1,0
1113,2,2,3,2,3,2,0
1114,2,2,3,2,3,3,0
1115,2,2,3,4,1,1,0
1116,2,2,3,4,1,2,1
1117,2,2,3,4,1,3,1
1118,2,2,3,4,2,1,0
1119,2,2,3,4,2,2,1
1120,2,2,3,4,2,3,1
1121,2,2,3,4,3,1,0
1122,2,2,3,4,3,2,1
1123,2,2,3,4,3,3,3
1124,2,2,3,6,1,1,0
1125,2,2,3,6,1,2,1
1126,2,2,3,6,1,3,1
1127,2,2,3,6,2,1,0
1128,2,2,3,6,2,2,1
1129,2,2,3,6,2,3,3
1130,2,2,3,6,3,1,0
1131,2,2,3,6,3,2,1
1132,2,2,3,6,3,3,3
1133,2,2,4,2,1,1,0
1134,2,2,4,2,1,2,0
1135,2,2,4,2,1,3,0
1136,2,2,4,2,2,1,0
1137,2,2,4,2,2,2,0
1138,2,2,4,2,2,3,0
1139,2,2,4,2,3,1,0
1140,2,2,4,2,3,2,0
1141,2,2,4,2,3,3,0
1142,2,2,4,4,1,1,0
1143,2,2,4,4,1,2,1
1144,2,2,4,4,1,3,1
1145,2,2,4,4,2,1,0
1146,2,2,4,4,2,2,1
1147,2,2,4,4,2,3,3
1148,2,2,4,4,3,1,0
1149,2,2,4,4,3,2,1
1150,2,2,4,4,3,3,3
1151,2,2,4,6,1,1,0
1152,2,2,4,6,1,2,1
1153,2,2,4,6,1,3,1
1154,2,2,4,6,2,1,0
1155,2,2,4,6,2,2,1
1156,2,2,4,6,2,3,3
1157,2,2,4,6,3,1,0
1158,2,2,4,6,3,2,1
1159,2,2,4,6,3,3,3
1160,2,2,6,2,1,1,0
1161,2,2,6,2,1,2,0
1162,2,2,6,2,1,3,0
1163,2,2,6,2,2,1,0
1164,2,2,6,2,2,2,0
1165,2,2,6,2,2,3,0
1166,2,2,6,2,3,1,0
1167,2,2,6,2,3,2,0
1168,2,2,6,2,3,3,0
1169,2,2,6,4,1,1,0
1170,2,2,6,4,1,2,1
1171,2,2,6,4,1,3,1
1172,2,2,6,4,2,1,0
1173,2,2,6,4,2,2,1
1174,2,2,6,4,2,3,3
1175,2,2,6,4,3,1,0
1176,2,2,6,4,3,2,1
1177,2,2,6,4,3,3,3
1178,2,2,6,6,1,1,0
1179,2,2,6,6,1,2,1
1180,2,2,6,6,1,3,1
1181,2,2,6,6,2,1,0
1182,2,2,6,6,2,2,1
1183,2,2,6,6,2,3,3
1184,2,2,6,6,3,1,0
1185,2,2,6,6,3,2,1
1186,2,2,6,6,3,3,3
1187,2,1,2,2,1,1,0
1188,2,1,2,2,1,2,0
1189,2,1,2,2,1,3,0
1190,2,1,2,2,2,1,0
1191,2,1,2,2,2,2,0
1192,2,1,2,2,2,3,0
1193,2,1,2,2,3,1,0
1194,2,1,2,2,3,2,0
1195,2,1,2,2,3,3,0
1196,2,1,2,4,1,1,0
1197,2,1,2,4,1,2,1
1198,2,1,2,4,1,3,2
1199,2,1,2,4,2,1,0
1200,2,1,2,4,2,2,1
1201,2,1,2,4,2,3,2
1202,2,1,2,4,3,1,0
1203,2,1,2,4,3,2,2
1204,2,1,2,4,3,3,3
1205,2,1,2,6,1,1,0
1206,2,1,2,6,1,2,0
1207,2,1,2,6,1,3,0
1208,2,1,2,6,2,1,0
1209,2,1,2,6,2,2,1
1210,2,1,2,6,2,3,2
1211,2,1,2,6,3,1,0
1212,2,1,2,6,3,2,2
1213,2,1,2,6,3,3,3
1214,2,1,3,2,1,1,0
1215,2,1,3,2,1,2,0
1216,2,1,3,2,1,3,0
1217,2,1,3,2,2,1,0
1218,2,1,3,2,2,2,0
1219,2,1,3,2,2,3,0
1220,2,1,3,2,3,1,0
1221,2,1,3,2,3,2,0
1222,2,1,3,2,3,3,0
1223,2,1,3,4,1,1,0
1224,2,1,3,4,1,2,1
1225,2,1,3,4,1,3,2
1226,2,1,3,4,2,1,0
1227,2,1,3,4,2,2,1
1228,2,1,3,4,2,3,2
1229,2,1,3,4,3,1,0
1230,2,1,3,4,3,2,2
1231,2,1,3,4,3,3,3
1232,2,1,3,6,1,1,0
1233,2,1,3,6,1,2,1
1234,2,1,3,6,1,3,2
1235,2,1,3,6,2,1,0
1236,2,1,3,6,2,2,2
1237,2,1,3,6,2,3,3
1238,2,1,3,6,3,1,0
1239,2,1,3,6,3,2,2
1240,2,1,3,6,3,3,3
1241,2,1,4,2,1,1,0
1242,2,1,4,2,1,2,0
1243,2,1,4,2,1,3,0
1244,2,1,4,2,2,1,0
1245,2,1,4,2,2,2,0
1246,2,1,4,2,2,3,0
1247,2,1,4,2,3,1,0
1248,2,1,4,2,3,2,0
1249,2,1,4,2,3,3,0
1250,2,1,4,4,1,1,0
1251,2,1,4,4,1,2,1
1252,2,1,4,4,1,3,2
1253,2,1,4,4,2,1,0
1254,2,1,4,4,2,2,2
1255,2,1,4,4,2,3,3
1256,2,1,4,4,3,1,0
1257,2,1,4,4,3,2,2
1258,2,1,4,4,3,3,3
1259,2,1,4,6,1,1,0
1260,2,1,4,6,1,2,1
1261,2,1,4,6,1,3,2
1262,2,1,4,6,2,1,0
1263,2,1,4,6,2,2,2
1264,2,1,4,6,2,3,3
1265,2,1,4,6,3,1,0
1266,2,1,4,6,3,2,2
1267,2,1,4,6,3,3,3
1268,2,1,6,2,1,1,0
1269,2,1,6,2,1,2,0
1270,2,1,6,2,1,3,0
1271,2,1,6,2,2,1,0
1272,2,1,6,2,2,2,0
1273,2,1,6,2,2,3,0
1274,2,1,6,2,3,1,0
1275,2,1,6,2,3,2,0
1276,2,1,6,2,3,3,0
1277,2,1,6,4,1,1,0
1278,2,1,6,4,1,2,1
1279,2,1,6,4,1,3,2
1280,2,1,6,4,2,1,0
1281,2,1,6,4,2,2,2
1282,2,1,6,4,2,3,3
1283,2,1,6,4,3,1,0
1284,2,1,6,4,3,2,2
1285,2,1,6,4,3,3,3
1286,2,1,6,6,1,1,0
1287,2,1,6,6,1,2,1
1288,2,1,6,6,1,3,2
1289,2,1,6,6,2,1,0
1290,2,1,6,6,2,2,2
1291,2,1,6,6,2,3,3
1292,2,1,6,6,3,1,0
1293,2,1,6,6,3,2,2
1294,2,1,6,6,3,3,3
1295,1,4,2,2,1,1,0
1296,1,4,2,2,1,2,0
1297,1,4,2,2,1,3,0
1298,1,4,2,2,2,1,0
1299,1,4,2,2,2,2,0
1300,1,4,2,2,2,3,0
1301,1,4,2,2,3,1,0
1302,1,4,2,2,3,2,0
1303,1,4,2,2,3,3,0
1304,1,4,2,4,1,1,0
1305,1,4,2,4,1,2,0
1306,1,4,2,4,1,3,1
1307,1,4,2,4,2,1,0
1308,1,4,2,4,2,2,0
1309,1,4,2,4,2,3,1
1310,1,4,2,4,3,1,0
1311,1,4,2,4,3,2,1
1312,1,4,2,4,3,3,1
1313,1,4,2,6,1,1,0
1314,1,4,2,6,1,2,0
1315,1,4,2,6,1,3,0
1316,1,4,2,6,2,1,0
1317,1,4,2,6,2,2,0
1318,1,4,2,6,2,3,1
1319,1,4,2,6,3,1,0
1320,1,4,2,6,3,2,1
1321,1,4,2,6,3,3,1
1322,1,4,3,2,1,1,0
1323,1,4,3,2,1,2,0
1324,1,4,3,2,1,3,0
1325,1,4,3,2,2,1,0
1326,1,4,3,2,2,2,0
1327,1,4,3,2,2,3,0
1328,1,4,3,2,3,1,0
1329,1,4,3,2,3,2,0
1330,1,4,3,2,3,3,0
1331,1,4,3,4,1,1,0
1332,1,4,3,4,1,2,0
1333,1,4,3,4,1,3,1
1334,1,4,3,4,2,1,0
1335,1,4,3,4,2,2,0
1336,1,4,3,4,2,3,1
1337,1,4,3,4,3,1,0
1338,1,4,3,4,3,2,1
1339,1,4,3,4,3,3,1
1340,1,4,3,6,1,1,0
1341,1,4,3,6,1,2,0
1342,1,4,3,6,1,3,1
1343,1,4,3,6,2,1,0
1344,1,4,3,6,2,2,1
1345,1,4,3,6,2,3,1
1346,1,4,3,6,3,1,0
1347,1,4,3,6,3,2,1
1348,1,4,3,6,3,3,1
1349,1,4,4,2,1,1,0
1350,1,4,4,2,1,2,0
1351,1,4,4,2,1,3,0
1352,1,4,4,2,2,1,0
1353,1,4,4,2,2,2,0
1354,1,4,4,2,2,3,0
1355,1,4,4,2,3,1,0
1356,1,4,4,2,3,2,0
1357,1,4,4,2,3,3,0
1358,1,4,4,4,1,1,0
1359,1,4,4,4,1,2,0
1360,1,4,4,4,1,3,1
1361,1,4,4,4,2,1,0
1362,1,4,4,4,2,2,1
1363,1,4,4,4,2,3,1
1364,1,4,4,4,3,1,0
1365,1,4,4,4,3,2,1
1366,1,4,4,4,3,3,1
1367,1,4,4,6,1,1,0
1368,1,4,4,6,1,2,0
1369,1,4,4,6,1,3,1
1370,1,4,4,6,2,1,0
1371,1,4,4,6,2,2,1
1372,1,4,4,6,2,3,1
1373,1,4,4,6,3,1,0
1374,1,4,4,6,3,2,1
1375,1,4,4,6,3,3,1
1376,1,4,6,2,1,1,0
1377,1,4,6,2,1,2,0
1378,1,4,6,2,1,3,0
1379,1,4,6,2,2,1,0
1380,1,4,6,2,2,2,0
1381,1,4,6,2,2,3,0
1382,1,4,6,2,3,1,0
1383,1,4,6,2,3,2,0
1384,1,4,6,2,3,3,0
1385,1,4,6,4,1,1,0
1386,1,4,6,4,1,2,0
1387,1,4,6,4,1,3,1
1388,1,4,6,4,2,1,0
1389,1,4,6,4,2,2,1
1390,1,4,6,4,2,3,1
1391,1,4,6,4,3,1,0
1392,1,4,6,4,3,2,1
1393,1,4,6,4,3,3,1
1394,1,4,6,6,1,1,0
1395,1,4,6,6,1,2,0
1396,1,4,6,6,1,3,1
1397,1,4,6,6,2,1,0
1398,1,4,6,6,2,2,1
1399,1,4,6,6,2,3,1
1400,1,4,6,6,3,1,0
1401,1,4,6,6,3,2,1
1402,1,4,6,6,3,3,1
1403,1,3,2,2,1,1,0
1404,1,3,2,2,1,2,0
1405,1,3,2,2,1,3,0
1406,1,3,2,2,2,1,0
1407,1,3,2,2,2,2,0
1408,1,3,2,2,2,3,0
1409,1,3,2,2,3,1,0
1410,1,3,2,2,3,2,0
1411,1,3,2,2,3,3,0
1412,1,3,2,4,1,1,0
1413,1,3,2,4,1,2,1
1414,1,3,2,4,1,3,1
1415,1,3,2,4,2,1,0
1416,1,3,2,4,2,2,1
1417,1,3,2,4,2,3,1
1418,1,3,2,4,3,1,0
1419,1,3,2,4,3,2,1
1420,1,3,2,4,3,3,3
1421,1,3,2,6,1,1,0
1422,1,3,2,6,1,2,0
1423,1,3,2,6,1,3,0
1424,1,3,2,6,2,1,0
1425,1,3,2,6,2,2,1
1426,1,3,2,6,2,3,1
1427,1,3,2,6,3,1,0
1428,1,3,2,6,3,2,1
1429,1,3,2,6,3,3,3
1430,1,3,3,2,1,1,0
1431,1,3,3,2,1,2,0
1432,1,3,3,2,1,3,0
1433,1,3,3,2,2,1,0
1434,1,3,3,2,2,2,0
1435,1,3,3,2,2,3,0
1436,1,3,3,2,3,1,0
1437,1,3,3,2,3,2,0
1438,1,3,3,2,3,3,0
1439,1,3,3,4,1,1,0
1440,1,3,3,4,1,2,1
1441,1,3,3,4,1,3,1
1442,1,3,3,4,2,1,0
1443,1,3,3,4,2,2,1
1444,1,3,3,4,2,3,1
1445,1,3,3,4,3,1,0
1446,1,3,3,4,3,2,1
1447,1,3,3,4,3,3,3
1448,1,3,3,6,1,1,0
1449,1,3,3,6,1,2,1
1450,1,3,3,6,1,3,1
1451,1,3,3,6,2,1,0
1452,1,3,3,6,2,2,1
1453,1,3,3,6,2,3,3
1454,1,3,3,6,3,1,0
1455,1,3,3,6,3,2,1
1456,1,3,3,6,3,3,3
1457,1,3,4,2,1,1,0
1458,1,3,4,2,1,2,0
1459,1,3,4,2,1,3,0
1460,1,3,4,2,2,1,0
1461,1,3,4,2,2,2,0
1462,1,3,4,2,2,3,0
1463,1,3,4,2,3,1,0
1464,1,3,4,2,3,2,0
1465,1,3,4,2,3,3,0
1466,1,3,4,4,1,1,0
1467,1,3,4,4,1,2,1
1468,1,3,4,4,1,3,1
1469,1,3,4,4,2,1,0
1470,1,3,4,4,2,2,1
1471,1,3,4,4,2,3,3
1472,1,3,4,4,3,1,0
1473,1,3,4,4,3,2,1
1474,1,3,4,4,3,3,3
1475,1,3,4,6,1,1,0
1476,1,3,4,6,1,2,1
1477,1,3,4,6,1,3,1
1478,1,3,4,6,2,1,0
1479,1,3,4,6,2,2,1
1480,1,3,4,6,2,3,3
1481,1,3,4,6,3,1,0
1482,1,3,4,6,3,2,1
1483,1,3,4,6,3,3,3
1484,1,3,6,2,1,1,0
1485,1,3,6,2,1,2,0
1486,1,3,6,2,1,3,0
1487,1,3,6,2,2,1,0
1488,1,3,6,2,2,2,0
1489,1,3,6,2,2,3,0
1490,1,3,6,2,3,1,0
1491,1,3,6,2,3,2,0
1492,1,3,6,2,3,3,0
1493,1,3,6,4,1,1,0
1494,1,3,6,4,1,2,1
1495,1,3,6,4,1,3,1
1496,1,3,6,4,2,1,0
1497,1,3,6,4,2,2,1
1498,1,3,6,4,2,3,3
1499,1,3,6,4,3,1,0
1500,1,3,6,4,3,2,1
1501,1,3,6,4,3,3,3
1502,1,3,6,6,1,1,0
1503,1,3,6,6,1,2,1
1504,1,3,6,6,1,3,1
1505,1,3,6,6,2,1,0
1506,1,3,6,6,2,2,1
1507,1,3,6,6,2,3,3
1508,1,3,6,6,3,1,0
1509,1,3,6,6,3,2,1
1510,1,3,6,6,3,3,3
1511,1,2,2,2,1,1,0
1512,1,2,2,2,1,2,0
1513,1,2,2,2,1,3,0
1514,1,2,2,2,2,1,0
1515,1,2,2,2,2,2,0
1516,1,2,2,2,2,3,0
1517,1,2,2,2,3,1,0
1518,1,2,2,2,3,2,0
1519,1,2,2,2,3,3,0
1520,1,2,2,4,1,1,0
1521,1,2,2,4,1,2,1
1522,1,2,2,4,1,3,2
1523,1,2,2,4,2,1,0
1524,1,2,2,4,2,2,1
1525,1,2,2,4,2,3,2
1526,1,2,2,4,3,1,0
1527,1,2,2,4,3,2,2
1528,1,2,2,4,3,3,3
1529,1,2,2,6,1,1,0
1530,1,2,2,6,1,2,0
1531,1,2,2,6,1,3,0
1532,1,2,2,6,2,1,0
1533,1,2,2,6,2,2,1
1534,1,2,2,6,2,3,2
1535,1,2,2,6,3,1,0
1536,1,2,2,6,3,2,2
1537,1,2,2,6,3,3,3
1538,1,2,3,2,1,1,0
1539,1,2,3,2,1,2,0
1540,1,2,3,2,1,3,0
1541,1,2,3,2,2,1,0
1542,1,2,3,2,2,2,0
1543,1,2,3,2,2,3,0
1544,1,2,3,2,3,1,0
1545,1,2,3,2,3,2,0
1546,1,2,3,2,3,3,0
1547,1,2,3,4,1,1,0
1548,1,2,3,4,1,2,1
1549,1,2,3,4,1,3,2
1550,1,2,3,4,2,1,0
1551,1,2,3,4,2,2,1
1552,1,2,3,4,2,3,2
1553,1,2,3,4,3,1,0
1554,1,2,3,4,3,2,2
1555,1,2,3,4,3,3,3
1556,1,2,3,6,1,1,0
1557,1,2,3,6,1,2,1
1558,1,2,3,6,1,3,2
1559,1,2,3,6,2,1,0
1560,1,2,3,6,2,2,2
1561,1,2,3,6,2,3,3
1562,1,2,3,6,3,1,0
1563,1,2,3,6,3,2,2
1564,1,2,3,6,3,3,3
1565,1,2,4,2,1,1,0
1566,1,2,4,2,1,2,0
1567,1,2,4,2,1,3,0
1568,1,2,4,2,2,1,0
1569,1,2,4,2,2,2,0
1570,1,2,4,2,2,3,0
1571,1,2,4,2,3,1,0
1572,1,2,4,2,3,2,0
1573,1,2,4,2,3,3,0
1574,1,2,4,4,1,1,0
1575,1,2,4,4,1,2,1
1576,1,2,4,4,1,3,2
1577,1,2,4,4,2,1,0
1578,1,2,4,4,2,2,2
1579,1,2,4,4,2,3,3
1580,1,2,4,4,3,1,0
1581,1,2,4,4,3,2,2
1582,1,2,4,4,3,3,3
1583,1,2,4,6,1,1,0
1584,1,2,4,6,1,2,1
1585,1,2,4,6,1,3,2
1586,1,2,4,6,2,1,0
1587,1,2,4,6,2,2,2
1588,1,2,4,6,2,3,3
1589,1,2,4,6,3,1,0
1590,1,2,4,6,3,2,2
1591,1,2,4,6,3,3,3
1592,1,2,6,2,1,1,0
1593,1,2,6,2,1,2,0
1594,1,2,6,2,1,3,0
1595,1,2,6,2,2,1,0
1596,1,2,6,2,2,2,0
1597,1,2,6,2,2,3,0
1598,1,2,6,2,3,1,0
1599,1,2,6,2,3,2,0
1600,1,2,6,2,3,3,0
1601,1,2,6,4,1,1,0
1602,1,2,6,4,1,2,1
1603,1,2,6,4,1,3,2
1604,1,2,6,4,2,1,0
1605,1,2,6,4,2,2,2
1606,1,2,6,4,2,3,3
1607,1,2,6,4,3,1,0
1608,1,2,6,4,3,2,2
1609,1,2,6,4,3,3,3
1610,1,2,6,6,1,1,0
1611,1,2,6,6,1,2,1
1612,1,2,6,6,1,3,2
1613,1,2,6,6,2,1,0
1614,1,2,6,6,2,2,2
1615,1,2,6,6,2,3,3
1616,1,2,6,6,3,1,0
1617,1,2,6,6,3,2,2
1618,1,2,6,6,3,3,3
1619,1,1,2,2,1,1,0
1620,1,1,2,2,1,2,0
1621,1,1,2,2,1,3,0
1622,1,1,2,2,2,1,0
1623,1,1,2,2,2,2,0
1624,1,1,2,2,2,3,0
1625,1,1,2,2,3,1,0
1626,1,1,2,2,3,2,0
1627,1,1,2,2,3,3,0
1628,1,1,2,4,1,1,0
1629,1,1,2,4,1,2,1
1630,1,1,2,4,1,3,2
1631,1,1,2,4,2,1,0
1632,1,1,2,4,2,2,1
1633,1,1,2,4,2,3,2
1634,1,1,2,4,3,1,0
1635,1,1,2,4,3,2,2
1636,1,1,2,4,3,3,3
1637,1,1,2,6,1,1,0
1638,1,1,2,6,1,2,0
1639,1,1,2,6,1,3,0
1640,1,1,2,6,2,1,0
1641,1,1,2,6,2,2,1
1642,1,1,2,6,2,3,2
1643,1,1,2,6,3,1,0
1644,1,1,2,6,3,2,2
1645,1,1,2,6,3,3,3
1646,1,1,3,2,1,1,0
1647,1,1,3,2,1,2,0
1648,1,1,3,2,1,3,0
1649,1,1,3,2,2,1,0
1650,1,1,3,2,2,2,0
1651,1,1,3,2,2,3,0
1652,1,1,3,2,3,1,0
1653,1,1,3,2,3,2,0
1654,1,1,3,2,3,3,0
1655,1,1,3,4,1,1,0
1656,1,1,3,4,1,2,1
1657,1,1,3,4,1,3,2
1658,1,1,3,4,2,1,0
1659,1,1,3,4,2,2,1
1660,1,1,3,4,2,3,2
1661,1,1,3,4,3,1,0
1662,1,1,3,4,3,2,2
1663,1,1,3,4,3,3,3
1664,1,1,3,6,1,1,0
1665,1,1,3,6,1,2,1
1666,1,1,3,6,1,3,2
1667,1,1,3,6,2,1,0
1668,1,1,3,6,2,2,2
1669,1,1,3,6,2,3,3
1670,1,1,3,6,3,1,0
1671,1,1,3,6,3,2,2
1672,1,1,3,6,3,3,3
1673,1,1,4,2,1,1,0
1674,1,1,4,2,1,2,0
1675,1,1,4,2,1,3,0
1676,1,1,4,2,2,1,0
1677,1,1,4,2,2,2,0
1678,1,1,4,2,2,3,0
1679,1,1,4,2,3,1,0
1680,1,1,4,2,3,2,0
1681,1,1,4,2,3,3,0
1682,1,1,4,4,1,1,0
1683,1,1,4,4,1,2,1
1684,1,1,4,4,1,3,2
1685,1,1,4,4,2,1,0
1686,1,1,4,4,2,2,2
1687,1,1,4,4,2,3,3
1688,1,1,4,4,3,1,0
1689,1,1,4,4,3,2,2
1690,1,1,4,4,3,3,3
1691,1,1,4,6,1,1,0
1692,1,1,4,6,1,2,1
1693,1,1,4,6,1,3,2
1694,1,1,4,6,2,1,0
1695,1,1,4,6,2,2,2
1696,1,1,4,6,2,3,3
1697,1,1,4,6,3,1,0
1698,1,1,4,6,3,2,2
1699,1,1,4,6,3,3,3
1700,1,1,6,2,1,1,0
1701,1,1,6,2,1,2,0
1702,1,1,6,2,1,3,0
1703,1,1,6,2,2,1,0
1704,1,1,6,2,2,2,0
1705,1,1,6,2,2,3,0
1706,1,1,6,2,3,1,0
1707,1,1,6,2,3,2,0
1708,1,1,6,2,3,3,0
1709,1,1,6,4,1,1,0
1710,1,1,6,4,1,2,1
1711,1,1,6,4,1,3,2
1712,1,1,6,4,2,1,0
1713,1,1,6,4,2,2,2
1714,1,1,6,4,2,3,3
1715,1,1,6,4,3,1,0
1716,1,1,6,4,3,2,2
1717,1,1,6,4,3,3,3
1718,1,1,6,6,1,1,0
1719,1,1,6,6,1,2,1
1720,1,1,6,6,1,3,2
1721,1,1,6,6,2,1,0
1722,1,1,6,6,2,2,2
1723,1,1,6,6,2,3,3
1724,1,1,6,6,3,1,0
1725,1,1,6,6,3,2,2
1726,1,1,6,6,3,3,3
